-- MariaDB dump 10.17  Distrib 10.4.11-MariaDB, for Win64 (AMD64)
--
-- Host: localhost    Database: shop
-- ------------------------------------------------------
-- Server version	10.4.11-MariaDB

/*!40101 SET @OLD_CHARACTER_SET_CLIENT=@@CHARACTER_SET_CLIENT */;
/*!40101 SET @OLD_CHARACTER_SET_RESULTS=@@CHARACTER_SET_RESULTS */;
/*!40101 SET @OLD_COLLATION_CONNECTION=@@COLLATION_CONNECTION */;
/*!40101 SET NAMES utf8mb4 */;
/*!40103 SET @OLD_TIME_ZONE=@@TIME_ZONE */;
/*!40103 SET TIME_ZONE='+00:00' */;
/*!40014 SET @OLD_UNIQUE_CHECKS=@@UNIQUE_CHECKS, UNIQUE_CHECKS=0 */;
/*!40014 SET @OLD_FOREIGN_KEY_CHECKS=@@FOREIGN_KEY_CHECKS, FOREIGN_KEY_CHECKS=0 */;
/*!40101 SET @OLD_SQL_MODE=@@SQL_MODE, SQL_MODE='NO_AUTO_VALUE_ON_ZERO' */;
/*!40111 SET @OLD_SQL_NOTES=@@SQL_NOTES, SQL_NOTES=0 */;

--
-- Table structure for table `categories`
--

DROP TABLE IF EXISTS `categories`;
/*!40101 SET @saved_cs_client     = @@character_set_client */;
/*!40101 SET character_set_client = utf8 */;
CREATE TABLE `categories` (
  `id` int(11) NOT NULL AUTO_INCREMENT,
  `name` varchar(200) DEFAULT NULL,
  `descr` text DEFAULT NULL,
  `parent` int(11) DEFAULT NULL,
  PRIMARY KEY (`id`)
) ENGINE=InnoDB AUTO_INCREMENT=12 DEFAULT CHARSET=utf8;
/*!40101 SET character_set_client = @saved_cs_client */;

--
-- Dumping data for table `categories`
--

LOCK TABLES `categories` WRITE;
/*!40000 ALTER TABLE `categories` DISABLE KEYS */;
INSERT INTO `categories` VALUES (0,'не выбрано','',0),(1,'Квадроциклы','',0),(2,'Мотоциклы','',0),(3,'Мопеды','',0),(5,'Велотехника','',0),(6,'Аксессуары','',0),(7,'Агротехника','',0),(8,'Запчасти','',NULL),(11,'Скутеры','',NULL);
/*!40000 ALTER TABLE `categories` ENABLE KEYS */;
UNLOCK TABLES;

--
-- Table structure for table `discounts`
--

DROP TABLE IF EXISTS `discounts`;
/*!40101 SET @saved_cs_client     = @@character_set_client */;
/*!40101 SET character_set_client = utf8 */;
CREATE TABLE `discounts` (
  `id` int(11) NOT NULL AUTO_INCREMENT,
  `value` decimal(10,2) NOT NULL,
  `start` datetime NOT NULL,
  `stop` datetime NOT NULL,
  `name` varchar(200) NOT NULL COMMENT 'название акции/скидки',
  PRIMARY KEY (`id`)
) ENGINE=MyISAM AUTO_INCREMENT=13 DEFAULT CHARSET=utf8 COMMENT='скидки и акции';
/*!40101 SET character_set_client = @saved_cs_client */;

--
-- Dumping data for table `discounts`
--

LOCK TABLES `discounts` WRITE;
/*!40000 ALTER TABLE `discounts` DISABLE KEYS */;
INSERT INTO `discounts` VALUES (2,10.00,'2025-04-01 00:00:00','2025-12-31 00:00:00','Скидка'),(5,4.00,'2025-03-20 00:00:00','2025-05-22 00:00:00','новая'),(11,20.00,'2025-04-01 00:00:00','2025-12-31 00:00:00','подарочная'),(0,0.00,'0000-00-00 00:00:00','0000-00-00 00:00:00','-');
/*!40000 ALTER TABLE `discounts` ENABLE KEYS */;
UNLOCK TABLES;

--
-- Table structure for table `event_types`
--

DROP TABLE IF EXISTS `event_types`;
/*!40101 SET @saved_cs_client     = @@character_set_client */;
/*!40101 SET character_set_client = utf8 */;
CREATE TABLE `event_types` (
  `id` int(11) NOT NULL AUTO_INCREMENT,
  `name` varchar(200) NOT NULL DEFAULT '' COMMENT 'наименование',
  PRIMARY KEY (`id`)
) ENGINE=InnoDB AUTO_INCREMENT=9 DEFAULT CHARSET=utf8 COMMENT='типы событий логирования';
/*!40101 SET character_set_client = @saved_cs_client */;

--
-- Dumping data for table `event_types`
--

LOCK TABLES `event_types` WRITE;
/*!40000 ALTER TABLE `event_types` DISABLE KEYS */;
INSERT INTO `event_types` VALUES (1,'авторизация'),(2,'разлогин'),(3,'посещение категории'),(4,'посещение товара'),(5,'добавление товара в корзину'),(6,'удаление товара из корзины'),(7,'поисковый запрос'),(8,'заказ оплачен');
/*!40000 ALTER TABLE `event_types` ENABLE KEYS */;
UNLOCK TABLES;

--
-- Table structure for table `items`
--

DROP TABLE IF EXISTS `items`;
/*!40101 SET @saved_cs_client     = @@character_set_client */;
/*!40101 SET character_set_client = utf8 */;
CREATE TABLE `items` (
  `id` int(11) NOT NULL AUTO_INCREMENT,
  `ord_id` int(11) DEFAULT NULL,
  `product_id` int(11) DEFAULT NULL,
  `amount` decimal(10,2) DEFAULT NULL,
  `price` decimal(10,2) DEFAULT NULL,
  `user_id` int(11) NOT NULL,
  PRIMARY KEY (`id`)
) ENGINE=InnoDB AUTO_INCREMENT=116 DEFAULT CHARSET=utf8;
/*!40101 SET character_set_client = @saved_cs_client */;

--
-- Dumping data for table `items`
--

LOCK TABLES `items` WRITE;
/*!40000 ALTER TABLE `items` DISABLE KEYS */;
INSERT INTO `items` VALUES (79,23,8,1.00,58700.00,6),(83,26,2,1.00,33250.00,7),(87,27,7,1.00,738.15,2),(88,28,8,1.00,17000.00,2),(90,28,7,1.00,5320.00,2),(92,30,8,1.00,17000.00,1),(94,33,8,2.00,17000.00,1),(98,34,10,2.00,13440.00,1),(99,34,8,1.00,17000.00,1),(101,35,10,2.00,13440.00,1),(102,35,8,1.00,17000.00,1),(103,0,10,1.00,13440.00,7),(105,35,2,1.00,3500.00,1),(106,36,16,1.00,6240.00,1),(107,36,7,2.00,1560.00,1),(110,36,2,1.00,3500.00,1),(113,37,7,1.00,1560.00,1),(114,38,2,1.00,37800.00,1),(115,38,10,1.00,125400.00,1);
/*!40000 ALTER TABLE `items` ENABLE KEYS */;
UNLOCK TABLES;

--
-- Table structure for table `levels`
--

DROP TABLE IF EXISTS `levels`;
/*!40101 SET @saved_cs_client     = @@character_set_client */;
/*!40101 SET character_set_client = utf8 */;
CREATE TABLE `levels` (
  `id` int(11) NOT NULL,
  `name` varchar(200) DEFAULT NULL,
  PRIMARY KEY (`id`)
) ENGINE=InnoDB DEFAULT CHARSET=utf8;
/*!40101 SET character_set_client = @saved_cs_client */;

--
-- Dumping data for table `levels`
--

LOCK TABLES `levels` WRITE;
/*!40000 ALTER TABLE `levels` DISABLE KEYS */;
INSERT INTO `levels` VALUES (1,'клиент'),(2,'менеджер'),(10,'администратор');
/*!40000 ALTER TABLE `levels` ENABLE KEYS */;
UNLOCK TABLES;

--
-- Table structure for table `logs`
--

DROP TABLE IF EXISTS `logs`;
/*!40101 SET @saved_cs_client     = @@character_set_client */;
/*!40101 SET character_set_client = utf8 */;
CREATE TABLE `logs` (
  `id` int(11) NOT NULL AUTO_INCREMENT,
  `user_id` int(11) NOT NULL COMMENT 'код пользователя',
  `dt` datetime NOT NULL DEFAULT current_timestamp() COMMENT 'дата и время события',
  `event_type_id` int(11) NOT NULL COMMENT 'тип события',
  `note` varchar(200) NOT NULL DEFAULT '' COMMENT 'дополнительное текстовое поле',
  `stat_id` int(11) NOT NULL DEFAULT 0 COMMENT 'код товара или категории',
  PRIMARY KEY (`id`)
) ENGINE=InnoDB AUTO_INCREMENT=491 DEFAULT CHARSET=utf8 COMMENT='журнал событий';
/*!40101 SET character_set_client = @saved_cs_client */;

--
-- Dumping data for table `logs`
--

LOCK TABLES `logs` WRITE;
/*!40000 ALTER TABLE `logs` DISABLE KEYS */;
INSERT INTO `logs` VALUES (1,1,'2025-03-29 21:32:43',1,'',0),(2,1,'2025-03-29 21:40:25',2,'',0),(3,1,'2025-03-29 21:40:32',1,'',0),(4,1,'2025-03-29 21:40:34',2,'',0),(5,1,'2025-03-29 21:41:04',1,'',0),(6,1,'2025-03-29 21:45:11',2,'',0),(7,1,'2025-03-29 21:45:32',1,'',0),(8,1,'2025-03-29 21:50:37',3,'',1),(9,1,'2025-03-29 21:51:13',3,'',1),(10,1,'2025-03-29 21:51:56',4,'',8),(11,1,'2025-03-29 21:52:09',4,'',8),(12,1,'2025-03-29 21:55:57',5,'',1),(13,1,'2025-03-29 21:55:59',5,'',1),(14,1,'2025-03-29 21:56:10',3,'',0),(15,1,'2025-03-29 21:56:12',5,'',2),(16,1,'2025-03-29 21:57:20',6,'',95),(17,1,'2025-03-29 22:01:28',6,'',1),(18,1,'2025-03-29 22:01:46',6,'',2),(19,1,'2025-03-29 22:10:44',3,'',0),(20,1,'2025-03-29 22:18:56',3,'',0),(21,1,'2025-03-29 22:19:15',3,'',0),(22,1,'2025-03-29 22:19:25',3,'',0),(23,1,'2025-03-29 22:19:35',3,'',0),(24,1,'2025-03-29 22:20:07',3,'',0),(25,1,'2025-03-29 22:20:12',3,'',0),(26,1,'2025-03-29 22:20:30',3,'',0),(27,1,'2025-03-29 22:21:10',3,'',0),(28,1,'2025-03-29 22:21:15',3,'',0),(29,1,'2025-03-29 22:21:47',3,'',0),(30,1,'2025-03-29 22:22:20',3,'',0),(31,1,'2025-03-29 22:22:32',3,'',0),(32,1,'2025-03-29 22:24:23',3,'',0),(33,1,'2025-03-29 22:24:26',7,'мото',0),(34,1,'2025-03-29 22:24:26',3,'',0),(35,1,'2025-03-29 22:24:52',3,'',0),(36,1,'2025-03-29 22:24:56',7,'мото',0),(37,1,'2025-03-29 22:24:56',3,'',0),(38,1,'2025-03-29 22:25:02',7,'Квадро',0),(39,1,'2025-03-29 22:25:02',3,'',0),(40,1,'2025-03-30 11:10:50',1,'',0),(41,1,'2025-03-30 11:11:05',2,'',0),(42,1,'2025-03-30 11:24:49',1,'',0),(43,262,'2025-03-30 11:31:31',1,'',0),(44,1,'2025-03-30 11:36:08',1,'',0),(45,263,'2025-04-01 10:56:04',1,'',0),(46,1,'2025-04-01 10:59:22',1,'',0),(47,1,'2025-04-01 14:37:37',6,'',1),(48,1,'2025-04-01 14:49:21',5,'',10),(49,1,'2025-04-01 14:49:23',5,'',10),(50,1,'2025-04-01 14:49:30',5,'',8),(51,1,'2025-04-01 16:19:42',5,'',1),(52,1,'2025-04-01 16:28:07',5,'',1),(53,1,'2025-04-01 16:28:11',5,'',10),(54,1,'2025-04-01 16:29:34',5,'',8),(55,1,'2025-04-01 16:32:56',3,'',0),(56,1,'2025-04-01 16:34:02',3,'',0),(57,1,'2025-04-01 16:34:20',3,'',0),(58,1,'2025-04-01 16:34:34',3,'',0),(59,1,'2025-04-01 16:34:39',3,'',0),(60,1,'2025-04-01 16:35:10',3,'',0),(61,1,'2025-04-01 16:35:11',3,'',0),(62,1,'2025-04-01 16:35:13',3,'',2),(63,1,'2025-04-01 16:35:16',3,'',0),(64,1,'2025-04-01 16:35:19',3,'',0),(65,1,'2025-04-01 16:35:19',3,'',0),(66,1,'2025-04-01 16:35:20',3,'',3),(67,1,'2025-04-01 16:35:23',3,'',0),(68,1,'2025-04-01 16:35:39',3,'',0),(69,1,'2025-04-01 16:35:41',3,'',0),(70,1,'2025-04-01 16:35:42',3,'',2),(71,1,'2025-04-01 16:35:59',3,'',2),(72,1,'2025-04-01 16:36:00',3,'',0),(73,1,'2025-04-01 16:39:16',3,'',0),(74,1,'2025-04-01 16:39:19',3,'',0),(75,1,'2025-04-01 16:39:20',3,'',2),(76,1,'2025-04-01 16:39:21',3,'',3),(77,1,'2025-04-01 16:39:22',3,'',5),(78,1,'2025-04-01 16:39:24',3,'',1),(79,1,'2025-04-01 16:39:25',3,'',6),(80,1,'2025-04-01 16:39:33',3,'',2),(81,1,'2025-04-01 16:39:35',3,'',3),(82,1,'2025-04-01 16:39:36',3,'',1),(83,1,'2025-04-01 16:39:37',3,'',5),(84,1,'2025-04-01 16:39:39',3,'',0),(85,1,'2025-04-01 16:39:42',3,'',6),(86,1,'2025-04-01 16:40:56',3,'',6),(87,1,'2025-04-01 16:40:56',3,'',0),(88,1,'2025-04-01 16:41:01',3,'',6),(89,1,'2025-04-01 16:41:05',3,'',5),(90,1,'2025-04-01 16:41:06',3,'',1),(91,1,'2025-04-01 16:41:09',3,'',6),(92,1,'2025-04-01 16:41:18',3,'',0),(93,1,'2025-04-01 16:41:22',3,'',0),(94,1,'2025-04-01 16:41:26',3,'',0),(95,1,'2025-04-01 16:41:31',3,'',0),(96,1,'2025-04-01 16:41:38',3,'',0),(97,1,'2025-04-01 16:41:45',3,'',0),(98,1,'2025-04-01 16:41:50',3,'',3),(99,1,'2025-04-01 16:41:51',3,'',1),(100,1,'2025-04-01 16:42:02',3,'',0),(101,1,'2025-04-01 16:42:03',5,'',10),(102,1,'2025-04-01 16:43:22',3,'',0),(103,1,'2025-04-01 16:48:02',3,'',0),(104,1,'2025-04-01 16:50:21',3,'',0),(105,1,'2025-04-01 16:52:26',3,'',0),(106,1,'2025-04-01 17:01:56',3,'',0),(107,0,'2025-04-02 09:00:37',3,'',0),(108,0,'2025-04-02 09:00:42',3,'',0),(109,0,'2025-04-02 09:00:44',3,'',2),(110,0,'2025-04-02 09:00:45',3,'',3),(111,0,'2025-04-02 09:00:46',3,'',1),(112,0,'2025-04-02 09:00:47',3,'',5),(113,0,'2025-04-02 09:00:49',3,'',6),(114,0,'2025-04-02 09:00:50',3,'',0),(115,0,'2025-04-02 09:00:53',3,'',0),(116,1,'2025-04-02 09:01:12',1,'',0),(117,7,'2025-04-02 09:01:27',1,'',0),(118,7,'2025-04-02 09:01:40',3,'',0),(119,7,'2025-04-02 09:01:49',3,'',0),(120,7,'2025-04-02 09:17:22',3,'',0),(121,263,'2025-04-02 09:17:22',5,'квадроцикл',10),(122,7,'2025-04-02 09:18:03',3,'',0),(123,7,'2025-04-02 09:25:05',3,'',0),(124,7,'2025-04-02 09:25:33',3,'',0),(125,7,'2025-04-02 09:25:38',3,'',0),(126,7,'2025-04-02 09:25:52',3,'',0),(127,7,'2025-04-02 09:25:59',3,'',0),(128,7,'2025-04-02 09:26:01',3,'',2),(129,7,'2025-04-02 09:26:02',3,'',3),(130,7,'2025-04-02 09:26:04',3,'',1),(131,7,'2025-04-02 09:26:05',3,'',5),(132,7,'2025-04-02 09:26:06',3,'',6),(133,7,'2025-04-02 09:26:10',3,'',2),(134,7,'2025-04-02 09:26:12',3,'',3),(135,7,'2025-04-02 09:26:14',3,'',1),(136,7,'2025-04-02 09:26:17',3,'',5),(137,7,'2025-04-02 09:26:18',3,'',6),(138,7,'2025-04-02 09:26:20',3,'',0),(139,7,'2025-04-02 09:26:23',3,'',0),(140,7,'2025-04-02 09:26:27',3,'',0),(141,7,'2025-04-02 09:27:53',3,'',0),(142,116,'2025-04-02 20:30:00',3,'',0),(143,116,'2025-04-02 20:30:04',3,'',0),(144,116,'2025-04-02 20:30:06',3,'',0),(145,116,'2025-04-02 20:30:19',3,'',0),(146,116,'2025-04-02 20:30:21',3,'',0),(147,116,'2025-04-02 20:30:36',3,'',0),(148,116,'2025-04-02 20:34:13',3,'',0),(149,0,'2025-04-02 20:49:29',3,'',0),(150,1,'2025-04-02 20:49:37',1,'',0),(151,1,'2025-04-02 20:49:37',3,'',0),(152,1,'2025-04-02 20:49:44',3,'',2),(153,1,'2025-04-02 20:49:45',3,'',0),(154,1,'2025-04-02 20:54:26',3,'',0),(155,1,'2025-04-02 20:54:28',2,'',0),(156,0,'2025-04-02 20:54:28',3,'',0),(157,1,'2025-04-02 20:54:37',1,'',0),(158,1,'2025-04-02 20:54:37',3,'',0),(159,1,'2025-04-02 21:00:58',3,'',0),(160,1,'2025-04-02 21:01:07',3,'',5),(161,1,'2025-04-02 21:01:12',3,'',5),(162,1,'2025-04-02 21:02:34',3,'',5),(163,1,'2025-04-02 21:02:47',3,'',0),(164,1,'2025-04-02 21:02:51',5,'',4),(165,1,'2025-04-02 21:03:59',5,'',4),(166,1,'2025-04-02 21:19:40',3,'',2),(167,1,'2025-04-02 21:19:45',3,'',0),(168,1,'2025-04-02 21:20:02',3,'',0),(169,1,'2025-04-02 21:20:04',3,'',0),(170,1,'2025-04-02 21:23:21',3,'',0),(171,1,'2025-04-02 21:23:25',3,'',0),(172,1,'2025-04-02 21:24:25',3,'',0),(173,1,'2025-04-02 21:24:36',3,'',0),(174,1,'2025-04-02 21:29:28',3,'',0),(175,1,'2025-04-02 21:30:14',3,'',0),(176,1,'2025-04-02 21:30:41',3,'',0),(177,1,'2025-04-02 21:31:09',3,'',0),(178,1,'2025-04-02 21:32:39',3,'',0),(179,1,'2025-04-02 21:33:05',3,'',0),(180,1,'2025-04-02 21:37:48',3,'',0),(181,0,'2025-04-02 21:38:29',3,'',0),(182,1,'2025-04-02 21:39:14',3,'',0),(183,1,'2025-04-02 21:39:24',3,'',0),(184,0,'2025-04-03 10:22:15',3,'',0),(185,0,'2025-04-03 10:22:20',3,'',0),(186,1,'2025-04-03 10:23:11',1,'',0),(187,1,'2025-04-03 10:23:11',3,'',0),(188,1,'2025-04-03 10:23:15',3,'',0),(189,1,'2025-04-03 10:23:17',3,'',2),(190,1,'2025-04-03 10:23:17',3,'',3),(191,1,'2025-04-03 10:23:18',3,'',2),(192,1,'2025-04-03 10:23:18',3,'',0),(193,1,'2025-04-03 11:07:46',3,'',0),(194,1,'2025-04-03 11:07:48',3,'',0),(195,1,'2025-04-03 11:08:08',3,'',0),(196,1,'2025-04-03 11:08:18',3,'',0),(197,1,'2025-04-03 11:15:07',3,'',0),(198,1,'2025-04-03 11:15:08',3,'',0),(199,1,'2025-04-03 11:15:08',3,'',6),(200,1,'2025-04-03 11:15:10',3,'',7),(201,1,'2025-04-03 11:15:11',3,'',1),(202,1,'2025-04-03 11:15:12',3,'',2),(203,1,'2025-04-03 11:15:13',3,'',3),(204,1,'2025-04-03 11:15:13',3,'',5),(205,1,'2025-04-03 11:15:16',3,'',6),(206,1,'2025-04-03 11:15:18',3,'',7),(207,1,'2025-04-03 11:17:49',3,'',0),(208,1,'2025-04-03 11:17:52',3,'',7),(209,1,'2025-04-03 11:17:53',3,'',1),(210,1,'2025-04-03 11:17:53',3,'',2),(211,1,'2025-04-03 11:17:54',3,'',3),(212,1,'2025-04-03 11:17:54',3,'',5),(213,1,'2025-04-03 11:17:56',3,'',6),(214,1,'2025-04-03 11:17:57',3,'',0),(215,1,'2025-04-03 11:18:39',3,'',0),(216,1,'2025-04-03 11:20:06',3,'',0),(217,1,'2025-04-03 11:20:13',3,'',6),(218,1,'2025-04-03 11:20:14',3,'',7),(219,1,'2025-04-03 11:20:15',3,'',1),(220,1,'2025-04-03 11:20:17',3,'',2),(221,1,'2025-04-03 11:20:18',3,'',3),(222,1,'2025-04-03 11:20:19',3,'',0),(223,1,'2025-04-03 11:20:58',3,'',0),(224,1,'2025-04-03 11:21:55',3,'',0),(225,1,'2025-04-03 11:22:13',3,'',0),(226,1,'2025-04-03 11:22:25',3,'',0),(227,1,'2025-04-03 11:37:12',3,'',5),(228,1,'2025-04-03 11:37:12',3,'',3),(229,1,'2025-04-03 11:37:13',3,'',2),(230,1,'2025-04-03 11:37:15',3,'',7),(231,1,'2025-04-03 11:37:15',3,'',0),(232,1,'2025-04-03 11:37:25',3,'',5),(233,1,'2025-04-03 11:38:06',3,'',0),(234,1,'2025-04-03 11:38:16',3,'',0),(235,1,'2025-04-03 11:41:19',3,'',0),(236,1,'2025-04-03 11:47:21',3,'',0),(237,1,'2025-04-03 11:47:31',3,'',0),(238,1,'2025-04-03 11:50:39',4,'',2),(239,1,'2025-04-03 11:50:45',4,'',2),(240,1,'2025-04-03 11:55:05',4,'',2),(241,1,'2025-04-03 11:55:28',4,'',2),(242,1,'2025-04-03 11:55:33',4,'',2),(243,1,'2025-04-03 11:55:38',4,'',2),(244,1,'2025-04-03 11:55:40',4,'',2),(245,1,'2025-04-03 11:59:02',4,'',2),(246,1,'2025-04-03 11:59:13',4,'',2),(247,1,'2025-04-03 11:59:18',4,'',2),(248,1,'2025-04-03 13:40:19',4,'',2),(249,1,'2025-04-03 13:40:40',4,'',2),(250,1,'2025-04-03 13:40:41',4,'',2),(251,1,'2025-04-03 13:40:46',5,'',2),(252,1,'2025-04-03 13:43:01',4,'',2),(253,1,'2025-04-03 13:43:02',4,'',2),(254,1,'2025-04-03 13:52:49',3,'',0),(255,1,'2025-04-03 13:52:52',4,'',19),(256,1,'2025-04-03 13:53:24',4,'',19),(257,1,'2025-04-03 13:58:17',4,'',19),(258,1,'2025-04-03 14:04:01',3,'',0),(259,1,'2025-04-03 14:04:42',3,'',0),(260,1,'2025-04-03 14:08:09',3,'',0),(261,1,'2025-04-03 14:10:29',3,'',0),(262,1,'2025-04-03 14:10:31',3,'',0),(263,1,'2025-04-03 14:10:32',3,'',7),(264,1,'2025-04-03 14:10:33',3,'',0),(265,1,'2025-04-03 14:11:59',3,'',0),(266,1,'2025-04-03 14:12:03',3,'',0),(267,1,'2025-04-03 14:12:05',3,'',0),(268,1,'2025-04-03 14:12:08',3,'',0),(269,1,'2025-04-03 14:12:10',3,'',0),(270,1,'2025-04-03 14:12:12',3,'',0),(271,1,'2025-04-03 14:12:14',3,'',0),(272,1,'2025-04-03 14:12:16',3,'',0),(273,1,'2025-04-03 14:12:18',3,'',0),(274,1,'2025-04-03 14:12:20',3,'',0),(275,1,'2025-04-03 14:12:22',3,'',0),(276,1,'2025-04-03 14:12:27',3,'',0),(277,1,'2025-04-03 14:12:29',3,'',0),(278,1,'2025-04-03 14:12:29',3,'',6),(279,1,'2025-04-03 14:12:32',5,'',16),(280,1,'2025-04-03 14:12:36',3,'',7),(281,1,'2025-04-03 14:12:38',3,'',0),(282,1,'2025-04-03 14:12:39',4,'',7),(283,1,'2025-04-03 14:12:42',5,'',7),(284,1,'2025-04-03 14:21:17',3,'',0),(285,1,'2025-04-03 14:21:21',3,'',0),(286,1,'2025-04-03 14:21:22',3,'',0),(287,1,'2025-04-03 14:21:23',3,'',0),(288,1,'2025-04-03 14:21:24',3,'',0),(289,1,'2025-04-03 14:21:25',3,'',0),(290,1,'2025-04-03 14:21:26',3,'',0),(291,1,'2025-04-03 14:21:28',3,'',0),(292,1,'2025-04-03 14:21:29',3,'',0),(293,1,'2025-04-03 14:21:30',3,'',0),(294,1,'2025-04-03 14:21:31',3,'',0),(295,1,'2025-04-03 14:21:32',3,'',0),(296,1,'2025-04-03 14:21:41',3,'',0),(297,1,'2025-04-03 14:21:43',3,'',0),(298,1,'2025-04-03 14:21:48',3,'',0),(299,1,'2025-04-03 14:22:26',3,'',0),(300,1,'2025-04-03 14:22:31',2,'',0),(301,0,'2025-04-03 14:22:31',3,'',0),(302,7,'2025-04-03 14:22:55',1,'',0),(303,7,'2025-04-03 14:22:55',3,'',0),(304,7,'2025-04-03 14:22:58',3,'',0),(305,7,'2025-04-03 14:22:59',3,'',0),(306,7,'2025-04-03 14:23:01',3,'',0),(307,7,'2025-04-03 14:23:02',5,'',19),(308,7,'2025-04-03 14:23:28',3,'',0),(309,7,'2025-04-03 14:23:32',3,'',7),(310,7,'2025-04-03 14:23:33',3,'',0),(311,7,'2025-04-03 14:23:35',3,'',7),(312,7,'2025-04-03 14:23:36',3,'',0),(313,7,'2025-04-03 14:26:06',3,'',0),(314,7,'2025-04-03 14:26:09',3,'',0),(315,7,'2025-04-03 14:26:15',7,'Мотоцикл',0),(316,7,'2025-04-03 14:26:15',3,'',0),(317,7,'2025-04-03 14:26:47',7,'мопед',0),(318,7,'2025-04-03 14:26:47',3,'',0),(319,7,'2025-04-03 14:27:00',7,'мопед',0),(320,7,'2025-04-03 14:27:00',3,'',0),(321,7,'2025-04-03 14:27:11',3,'',0),(322,7,'2025-04-03 14:27:36',3,'',0),(323,7,'2025-04-03 14:27:54',3,'',0),(324,7,'2025-04-03 14:28:03',3,'',0),(325,7,'2025-04-03 14:28:35',3,'',0),(326,7,'2025-04-03 14:28:36',3,'',0),(327,7,'2025-04-03 14:28:45',3,'',0),(328,7,'2025-04-03 14:28:47',3,'',0),(329,7,'2025-04-03 14:28:49',3,'',0),(330,7,'2025-04-03 14:30:10',3,'',0),(331,7,'2025-04-03 14:30:11',2,'',0),(332,0,'2025-04-03 14:30:11',3,'',0),(333,1,'2025-04-03 14:30:19',1,'',0),(334,1,'2025-04-03 14:30:19',3,'',0),(335,1,'2025-04-03 14:30:45',3,'',0),(336,1,'2025-04-03 14:33:14',3,'',0),(337,1,'2025-04-03 14:33:23',7,'tesla',0),(338,1,'2025-04-03 14:33:23',3,'',0),(339,0,'2025-04-04 14:28:35',3,'',0),(340,0,'2025-04-04 14:28:38',3,'',0),(341,7,'2025-04-04 14:28:41',7,'смарт',0),(342,0,'2025-04-04 14:28:41',3,'',0),(343,0,'2025-04-04 14:28:45',3,'',0),(344,0,'2025-04-04 14:29:08',3,'',0),(345,0,'2025-04-04 14:29:30',3,'',0),(346,1,'2025-04-04 14:29:37',1,'',0),(347,1,'2025-04-04 14:29:37',3,'',0),(348,1,'2025-04-04 14:30:08',2,'',0),(349,0,'2025-04-04 14:30:08',3,'',0),(350,0,'2025-04-04 14:30:10',3,'',0),(351,7,'2025-04-04 14:30:14',7,'авто',0),(352,0,'2025-04-04 14:30:14',3,'',0),(353,0,'2025-04-04 14:30:55',3,'',0),(354,0,'2025-04-04 16:02:44',3,'',0),(355,0,'2025-04-04 16:02:55',3,'',0),(356,0,'2025-04-04 16:02:58',3,'',0),(357,0,'2025-04-04 16:03:11',3,'',0),(358,0,'2025-04-04 16:03:39',3,'',0),(359,7,'2025-04-04 16:06:06',1,'',0),(360,7,'2025-04-04 16:06:06',3,'',0),(361,7,'2025-04-04 16:06:28',2,'',0),(362,0,'2025-04-04 16:06:28',3,'',0),(363,1,'2025-04-04 16:12:18',1,'',0),(364,1,'2025-04-04 16:12:18',3,'',0),(365,1,'2025-04-04 16:18:12',3,'',0),(366,1,'2025-04-04 16:18:13',3,'',0),(367,1,'2025-04-04 16:18:14',5,'',19),(368,1,'2025-04-04 16:18:15',5,'',2),(369,1,'2025-04-04 16:18:16',5,'',12),(370,1,'2025-04-04 16:18:18',5,'',7),(371,1,'2025-04-04 16:18:20',3,'',0),(372,1,'2025-04-04 16:22:10',3,'',0),(373,1,'2025-04-04 16:22:37',3,'',7),(374,0,'2025-04-23 16:01:26',3,'',0),(375,0,'2025-05-29 14:04:56',3,'',0),(376,0,'2025-05-29 14:05:01',3,'',0),(377,0,'2025-05-29 14:05:02',4,'',7),(378,1,'2025-05-29 14:05:25',1,'',0),(379,1,'2025-05-29 14:05:25',3,'',0),(380,1,'2025-05-29 14:05:37',3,'',0),(381,1,'2025-05-29 14:05:40',3,'',0),(382,1,'2025-05-29 14:05:41',5,'',19),(383,1,'2025-05-29 14:05:43',5,'',7),(384,1,'2025-05-29 14:05:46',4,'',19),(385,1,'2025-05-29 14:05:47',5,'',19),(386,0,'2025-05-29 16:26:32',3,'',0),(387,0,'2025-05-29 16:27:29',3,'',0),(388,1,'2025-05-29 16:29:12',1,'',0),(389,1,'2025-05-29 16:29:12',3,'',0),(390,1,'2025-05-29 16:39:45',3,'',0),(391,1,'2025-05-29 16:39:57',3,'',0),(392,1,'2025-05-29 16:41:28',3,'',0),(393,1,'2025-05-29 16:42:59',3,'',0),(394,1,'2025-05-29 16:43:05',3,'',8),(395,1,'2025-05-29 16:43:06',3,'',5),(396,1,'2025-05-29 16:44:52',3,'',0),(397,1,'2025-05-29 16:44:54',3,'',5),(398,1,'2025-05-29 16:44:56',3,'',6),(399,1,'2025-05-29 16:44:58',3,'',5),(400,1,'2025-05-29 16:44:59',3,'',6),(401,1,'2025-05-29 16:44:59',3,'',3),(402,1,'2025-05-29 16:45:00',3,'',5),(403,1,'2025-05-29 16:45:00',3,'',6),(404,1,'2025-05-29 16:45:01',3,'',2),(405,1,'2025-05-29 16:45:02',3,'',10),(406,1,'2025-05-29 16:45:03',3,'',7),(407,1,'2025-05-29 16:45:06',3,'',1),(408,1,'2025-05-29 16:45:08',3,'',9),(409,1,'2025-05-29 16:45:59',3,'',0),(410,1,'2025-05-29 16:46:00',3,'',9),(411,1,'2025-05-29 16:46:02',3,'',1),(412,1,'2025-05-29 16:46:03',3,'',7),(413,1,'2025-05-29 16:46:04',3,'',8),(414,1,'2025-05-29 16:46:05',3,'',0),(415,1,'2025-05-29 16:46:08',3,'',8),(416,1,'2025-05-29 16:46:10',3,'',5),(417,1,'2025-05-29 16:46:11',3,'',6),(418,1,'2025-05-29 16:46:14',3,'',3),(419,1,'2025-05-29 16:46:14',3,'',6),(420,1,'2025-05-29 16:46:15',3,'',10),(421,1,'2025-05-29 16:46:15',3,'',7),(422,1,'2025-05-29 16:46:16',3,'',1),(423,1,'2025-05-29 16:46:18',3,'',9),(424,1,'2025-05-29 16:46:53',3,'',0),(425,1,'2025-05-29 16:46:54',3,'',0),(426,0,'2025-05-29 18:21:24',3,'',0),(427,0,'2025-05-29 18:21:26',3,'',0),(428,0,'2025-05-29 18:21:29',3,'',1),(429,0,'2025-05-29 18:21:29',3,'',7),(430,0,'2025-05-29 18:21:30',3,'',5),(431,0,'2025-05-29 18:21:32',3,'',8),(432,0,'2025-05-29 18:21:33',3,'',0),(433,0,'2025-05-29 18:21:38',3,'',0),(434,0,'2025-05-29 18:21:42',3,'',0),(435,1,'2025-05-29 18:21:51',1,'',0),(436,1,'2025-05-29 18:21:51',3,'',0),(437,1,'2025-05-29 18:22:49',3,'',0),(438,1,'2025-05-29 18:22:51',7,'цикл',0),(439,1,'2025-05-29 18:22:51',3,'',0),(440,1,'2025-05-29 18:22:57',3,'',10),(441,1,'2025-05-29 18:23:02',3,'',5),(442,1,'2025-05-29 18:23:07',7,'мото',0),(443,1,'2025-05-29 18:23:07',3,'',0),(444,1,'2025-05-29 18:23:13',3,'',1),(445,1,'2025-05-29 18:23:19',3,'',3),(446,1,'2025-05-29 18:23:25',3,'',5),(447,1,'2025-05-29 18:23:28',3,'',3),(448,1,'2025-05-29 18:23:29',3,'',10),(449,1,'2025-05-29 18:23:31',3,'',2),(450,1,'2025-05-29 18:23:32',3,'',7),(451,1,'2025-05-29 18:23:34',3,'',1),(452,1,'2025-05-29 18:23:35',3,'',9),(453,1,'2025-05-29 18:23:41',3,'',5),(454,1,'2025-05-29 18:23:43',3,'',3),(455,1,'2025-05-29 18:24:44',7,'мотоцикл',0),(456,1,'2025-05-29 18:24:44',3,'',0),(457,1,'2025-05-29 18:35:17',3,'',0),(458,1,'2025-05-29 18:35:20',3,'',0),(459,1,'2025-05-29 18:35:27',3,'',0),(460,1,'2025-05-29 18:35:50',2,'',0),(461,0,'2025-05-29 18:35:50',3,'',0),(462,7,'2025-05-29 18:35:56',1,'',0),(463,7,'2025-05-29 18:35:56',3,'',0),(464,7,'2025-05-29 18:36:10',2,'',0),(465,0,'2025-05-29 18:36:10',3,'',0),(466,1,'2025-05-29 18:36:34',1,'',0),(467,1,'2025-05-29 18:36:34',3,'',0),(468,1,'2025-05-29 18:43:19',3,'',0),(469,1,'2025-05-29 18:43:22',5,'',2),(470,1,'2025-05-29 18:43:24',5,'',10),(471,1,'2025-05-29 18:44:34',3,'',0),(472,1,'2025-05-29 18:44:46',3,'',5),(473,1,'2025-05-29 23:06:09',3,'',0),(474,1,'2025-05-29 23:43:54',3,'',0),(475,1,'2025-05-29 23:43:56',3,'',0),(476,1,'2025-05-29 23:44:11',3,'',0),(477,1,'2025-05-29 23:45:34',3,'',0),(478,1,'2025-05-29 23:45:35',3,'',0),(479,1,'2025-05-29 23:45:49',3,'',0),(480,1,'2025-05-29 23:48:15',3,'',0),(481,1,'2025-05-29 23:48:36',3,'',0),(482,1,'2025-05-29 23:48:38',3,'',1),(483,1,'2025-05-29 23:48:39',3,'',0),(484,1,'2025-05-29 23:48:40',3,'',7),(485,1,'2025-05-29 23:48:41',3,'',6),(486,1,'2025-05-29 23:48:41',3,'',5),(487,1,'2025-05-29 23:48:42',3,'',8),(488,1,'2025-05-29 23:48:44',3,'',3),(489,1,'2025-05-29 23:48:45',3,'',2),(490,1,'2025-05-29 23:48:45',3,'',11);
/*!40000 ALTER TABLE `logs` ENABLE KEYS */;
UNLOCK TABLES;

--
-- Table structure for table `orders`
--

DROP TABLE IF EXISTS `orders`;
/*!40101 SET @saved_cs_client     = @@character_set_client */;
/*!40101 SET character_set_client = utf8 */;
CREATE TABLE `orders` (
  `id` int(11) NOT NULL AUTO_INCREMENT,
  `dt` datetime DEFAULT NULL,
  `user_id` int(11) DEFAULT NULL,
  `status` int(11) DEFAULT NULL,
  PRIMARY KEY (`id`)
) ENGINE=InnoDB AUTO_INCREMENT=39 DEFAULT CHARSET=utf8;
/*!40101 SET character_set_client = @saved_cs_client */;

--
-- Dumping data for table `orders`
--

LOCK TABLES `orders` WRITE;
/*!40000 ALTER TABLE `orders` DISABLE KEYS */;
INSERT INTO `orders` VALUES (21,'2025-01-30 20:42:00',2,0),(22,'2024-10-01 16:35:38',4,0),(23,'2025-01-27 20:42:00',6,5),(24,'2024-12-01 16:45:08',2,0),(25,'2024-12-01 16:45:46',2,0),(26,'2025-02-05 20:42:00',7,0),(27,'2025-02-13 19:09:16',2,0),(28,'2025-03-09 12:21:35',2,0),(29,'2025-03-29 18:26:41',1,0),(30,'2025-03-29 19:41:30',1,0),(31,'2025-03-29 19:43:01',1,0),(32,'2025-04-01 11:01:51',1,0),(33,'2025-04-01 11:02:31',1,0),(34,'2025-04-01 13:49:38',1,0),(35,'2025-04-03 13:11:44',1,0),(36,'2025-04-04 15:19:06',1,0),(37,'2025-05-29 13:05:53',1,0),(38,'2025-05-29 17:43:43',1,0);
/*!40000 ALTER TABLE `orders` ENABLE KEYS */;
UNLOCK TABLES;

--
-- Table structure for table `products`
--

DROP TABLE IF EXISTS `products`;
/*!40101 SET @saved_cs_client     = @@character_set_client */;
/*!40101 SET character_set_client = utf8 */;
CREATE TABLE `products` (
  `id` int(11) NOT NULL AUTO_INCREMENT,
  `name` varchar(200) DEFAULT NULL,
  `descr` text DEFAULT NULL,
  `cat_id` int(11) DEFAULT NULL,
  `price` decimal(10,2) DEFAULT NULL,
  `discount_id` int(11) NOT NULL COMMENT 'id акции или скидки',
  `date_add` datetime NOT NULL DEFAULT current_timestamp(),
  `weight` int(11) NOT NULL COMMENT 'масса',
  `length` int(11) NOT NULL COMMENT 'длина',
  `width` int(11) NOT NULL COMMENT 'ширина',
  `height` int(11) NOT NULL COMMENT 'высота',
  `amount` int(11) NOT NULL COMMENT 'количество',
  PRIMARY KEY (`id`)
) ENGINE=InnoDB AUTO_INCREMENT=23 DEFAULT CHARSET=utf8;
/*!40101 SET character_set_client = @saved_cs_client */;

--
-- Dumping data for table `products`
--

LOCK TABLES `products` WRITE;
/*!40000 ALTER TABLE `products` DISABLE KEYS */;
INSERT INTO `products` VALUES (2,'Мопед Motoland SCOUT 11 (LM48-D) (A)','',3,92500.00,0,'2025-05-05 00:00:00',0,0,0,0,14),(7,'Скутер Motoland VULKAN 150 синий','️',11,78900.00,0,'2025-04-28 12:12:12',0,0,0,0,7),(8,'Мотоцикл дорожный Motoland TEXAS 300','',2,250000.00,0,'2025-05-17 18:00:09',0,0,0,0,6),(10,'Квадроцикл Минск Dzik 200','',1,278000.00,0,'2025-04-30 00:01:11',0,0,0,0,17),(16,'Мотоцикл дорожный Motoland WOLF 300','',2,262000.00,0,'2025-04-03 10:15:39',0,0,0,0,3),(18,'Колодки тормозные для мотоцикла','',8,750.00,0,'2025-05-21 05:15:39',1780,0,0,0,10),(21,'Колодки тормозные дисковые №2','',8,750.00,0,'2025-05-21 05:15:39',1780,0,0,0,10),(22,'Стоп сигнал LED CH-2004-2','светодиодный',8,1300.00,0,'2025-04-28 22:47:24',360,0,0,0,26);
/*!40000 ALTER TABLE `products` ENABLE KEYS */;
UNLOCK TABLES;

--
-- Table structure for table `reviews`
--

DROP TABLE IF EXISTS `reviews`;
/*!40101 SET @saved_cs_client     = @@character_set_client */;
/*!40101 SET character_set_client = utf8 */;
CREATE TABLE `reviews` (
  `id` int(11) NOT NULL AUTO_INCREMENT,
  `dt` datetime NOT NULL COMMENT 'дата и время',
  `user_id` int(11) NOT NULL COMMENT 'код клиента',
  `name` varchar(200) NOT NULL COMMENT 'название отзыва',
  `content` text NOT NULL COMMENT 'содержимое отзыва',
  `mark` int(11) NOT NULL COMMENT 'оценка',
  PRIMARY KEY (`id`)
) ENGINE=InnoDB DEFAULT CHARSET=utf8 COMMENT='отзывы';
/*!40101 SET character_set_client = @saved_cs_client */;

--
-- Dumping data for table `reviews`
--

LOCK TABLES `reviews` WRITE;
/*!40000 ALTER TABLE `reviews` DISABLE KEYS */;
/*!40000 ALTER TABLE `reviews` ENABLE KEYS */;
UNLOCK TABLES;

--
-- Table structure for table `statuses`
--

DROP TABLE IF EXISTS `statuses`;
/*!40101 SET @saved_cs_client     = @@character_set_client */;
/*!40101 SET character_set_client = utf8 */;
CREATE TABLE `statuses` (
  `id` int(11) NOT NULL,
  `name` varchar(200) DEFAULT NULL,
  PRIMARY KEY (`id`)
) ENGINE=InnoDB DEFAULT CHARSET=utf8;
/*!40101 SET character_set_client = @saved_cs_client */;

--
-- Dumping data for table `statuses`
--

LOCK TABLES `statuses` WRITE;
/*!40000 ALTER TABLE `statuses` DISABLE KEYS */;
INSERT INTO `statuses` VALUES (0,'открыт'),(1,'закрыт'),(2,'удален'),(4,'отменен'),(5,'ожидает доставку');
/*!40000 ALTER TABLE `statuses` ENABLE KEYS */;
UNLOCK TABLES;

--
-- Table structure for table `users`
--

DROP TABLE IF EXISTS `users`;
/*!40101 SET @saved_cs_client     = @@character_set_client */;
/*!40101 SET character_set_client = utf8 */;
CREATE TABLE `users` (
  `id` int(11) NOT NULL AUTO_INCREMENT,
  `fio` varchar(200) DEFAULT NULL COMMENT 'фамилия имя отчество',
  `rank` varchar(200) DEFAULT NULL COMMENT 'должность',
  `phone` varchar(15) DEFAULT NULL,
  `address` varchar(200) DEFAULT NULL,
  `password` varchar(32) DEFAULT NULL,
  `login` varchar(20) DEFAULT NULL,
  `date_reg` datetime DEFAULT NULL,
  `email` varchar(200) DEFAULT NULL,
  `level` int(11) DEFAULT NULL,
  PRIMARY KEY (`id`)
) ENGINE=InnoDB AUTO_INCREMENT=264 DEFAULT CHARSET=utf8;
/*!40101 SET character_set_client = @saved_cs_client */;

--
-- Dumping data for table `users`
--

LOCK TABLES `users` WRITE;
/*!40000 ALTER TABLE `users` DISABLE KEYS */;
INSERT INTO `users` VALUES (1,'Афанасьева Инна','администратор','79416165444','fsdfsf@sdfdsf.ff','admin','admin',NULL,NULL,10),(2,'Сусова Татьяна Ивановна','','7941651654144','adddd@mail.com','sss','sss',NULL,NULL,1),(4,'Дорианова Юля','','','','dor','dor',NULL,NULL,2),(5,'Шененков Артем','','','','che','che',NULL,NULL,1),(6,'Драчев Степан','','74165415444','','dra','dra',NULL,NULL,1),(7,'Бородач Алена','','','','ya','ya',NULL,NULL,1),(263,'2','',NULL,NULL,'2','2',NULL,'2',1);
/*!40000 ALTER TABLE `users` ENABLE KEYS */;
UNLOCK TABLES;
/*!40103 SET TIME_ZONE=@OLD_TIME_ZONE */;

/*!40101 SET SQL_MODE=@OLD_SQL_MODE */;
/*!40014 SET FOREIGN_KEY_CHECKS=@OLD_FOREIGN_KEY_CHECKS */;
/*!40014 SET UNIQUE_CHECKS=@OLD_UNIQUE_CHECKS */;
/*!40101 SET CHARACTER_SET_CLIENT=@OLD_CHARACTER_SET_CLIENT */;
/*!40101 SET CHARACTER_SET_RESULTS=@OLD_CHARACTER_SET_RESULTS */;
/*!40101 SET COLLATION_CONNECTION=@OLD_COLLATION_CONNECTION */;
/*!40111 SET SQL_NOTES=@OLD_SQL_NOTES */;

-- Dump completed on 2025-05-29 23:56:28
